<!DOCTYPE konfigurationsBereich PUBLIC "-//K2S//DTD Dokument//DE" "K2S.dtd">
<konfigurationsBereich pid="kb.deLzFhTest1"
	verantwortlich="kv.aoe.bitctrl.tester">
	<konfigurationsAenderung stand="22.11.2007"
		autor="Thomas Thierfelder, BitCtrl Systems GmbH" grund="Test">
		Bereich zum Test der SWE 4.DELzFh DE Langzeit-Fehlererkennung
		erzeugt.
	</konfigurationsAenderung>
	<modell></modell>

	<objekte>

		<konfigurationsObjekt pid="gr1" name="gr1" typ="typ.messStellenGruppe">
			<info>
				<kurzinfo>info</kurzinfo>
			</info>
			<datensatz
				attributgruppe="atg.messStellenGruppe">
				<datenfeld name="MessStellen">
					<datum name="0" wert="gr1.ms1" />
					<datum name="1" wert="gr1.ms2" />
					<datum name="2" wert="gr1.ms3" />
					<datum name="3" wert="gr1.ms4" />
				</datenfeld>
				<datum name="SystematischeDetektorfehler" wert="Ja" />
			</datensatz>			
		</konfigurationsObjekt>

		<konfigurationsObjekt pid="gr1.ms1" name="gr1.ms1" typ="typ.messStelle">
			<info>
				<kurzinfo>info</kurzinfo>
			</info>
			<datensatz
				attributgruppe="atg.messStelle">				
				<datum name="Prüfling" wert="gr1.ms1.mq" />
			</datensatz>						
			<objektMenge name="Abfahrten">
				<element pid="gr1.ms1.ab1" />
				<element pid="gr1.ms1.ab2" />
			</objektMenge>
			<objektMenge name="Zufahrten">
				<element pid="gr1.ms1.zu1" />
				<element pid="gr1.ms1.zu2" />
			</objektMenge>			
		</konfigurationsObjekt>
		
		<konfigurationsObjekt pid="gr1.ms1.mq" name="gr1.ms1.mq" typ="typ.messQuerschnitt">
			<info>
				<kurzinfo>info</kurzinfo>
			</info>
			<datensatz
				attributgruppe="atg.messQuerschnittAllgemein">				
				<datum name="Typ" wert="HauptFahrbahn" />
				<datum name="ErsatzMessQuerschnitt" wert="null" />
			</datensatz>						
			<objektMenge name="FahrStreifen">
				<element pid="gr1.ms1.mq.fs1" />
				<element pid="gr1.ms1.mq.fs2" />
			</objektMenge>
		</konfigurationsObjekt>
		
		<konfigurationsObjekt pid="gr1.ms1.mq.fs1" name="gr1.ms1.mq.fs1" typ="typ.fahrStreifen">
			<info>
				<kurzinfo>info</kurzinfo>
			</info>
			<datensatz
				attributgruppe="atg.fahrStreifen">				
				<datum name="Typ" wert="HauptFahrStreifen" />
				<datum name="Lage" wert="HFS" />
				<datum name="FahrStreifenQuelle" wert="null" />
				<datum name="ErsatzFahrStreifen" wert="null" />
			</datensatz>						
		</konfigurationsObjekt>

		<konfigurationsObjekt pid="gr1.ms1.mq.fs2" name="gr1.ms1.mq.fs2" typ="typ.fahrStreifen">
			<info>
				<kurzinfo>info</kurzinfo>
			</info>
			<datensatz
				attributgruppe="atg.fahrStreifen">				
				<datum name="Typ" wert="ÜberholFahrStreifen" />
				<datum name="Lage" wert="1ÜFS" />
				<datum name="FahrStreifenQuelle" wert="null" />
				<datum name="ErsatzFahrStreifen" wert="null" />
			</datensatz>						
		</konfigurationsObjekt>


		<konfigurationsObjekt pid="gr1.ms1.zu1" name="gr1.ms1.zu1" typ="typ.messQuerschnitt">
			<info>
				<kurzinfo>info</kurzinfo>
			</info>
			<datensatz
				attributgruppe="atg.messQuerschnittAllgemein">				
				<datum name="Typ" wert="Einfahrt" />
				<datum name="ErsatzMessQuerschnitt" wert="null" />
			</datensatz>						
			<objektMenge name="FahrStreifen">
				<element pid="gr1.ms1.mq.zu1.fs" />
			</objektMenge>
		</konfigurationsObjekt>
		
		<konfigurationsObjekt pid="gr1.ms1.mq.zu1.fs" name="gr1.ms1.mq.zu1.fs" typ="typ.fahrStreifen">
			<info>
				<kurzinfo>info</kurzinfo>
			</info>
			<datensatz
				attributgruppe="atg.fahrStreifen">				
				<datum name="Typ" wert="SonstigerFahrStreifen" />
				<datum name="Lage" wert="HFS" />
				<datum name="FahrStreifenQuelle" wert="null" />
				<datum name="ErsatzFahrStreifen" wert="null" />
			</datensatz>						
		</konfigurationsObjekt>
		

		<konfigurationsObjekt pid="gr1.ms1.zu2" name="gr1.ms1.zu2" typ="typ.messQuerschnitt">
			<info>
				<kurzinfo>info</kurzinfo>
			</info>
			<datensatz
				attributgruppe="atg.messQuerschnittAllgemein">				
				<datum name="Typ" wert="Einfahrt" />
				<datum name="ErsatzMessQuerschnitt" wert="null" />
			</datensatz>						
			<objektMenge name="FahrStreifen">
				<element pid="gr1.ms1.mq.zu2.fs" />
			</objektMenge>
		</konfigurationsObjekt>
		
		<konfigurationsObjekt pid="gr1.ms1.mq.zu2.fs" name="gr1.ms1.mq.zu2.fs" typ="typ.fahrStreifen">
			<info>
				<kurzinfo>info</kurzinfo>
			</info>
			<datensatz
				attributgruppe="atg.fahrStreifen">				
				<datum name="Typ" wert="SonstigerFahrStreifen" />
				<datum name="Lage" wert="HFS" />
				<datum name="FahrStreifenQuelle" wert="null" />
				<datum name="ErsatzFahrStreifen" wert="null" />
			</datensatz>						
		</konfigurationsObjekt>
		

		<konfigurationsObjekt pid="gr1.ms1.ab1" name="gr1.ms1.ab1" typ="typ.messQuerschnitt">
			<info>
				<kurzinfo>info</kurzinfo>
			</info>
			<datensatz
				attributgruppe="atg.messQuerschnittAllgemein">				
				<datum name="Typ" wert="Einfahrt" />
				<datum name="ErsatzMessQuerschnitt" wert="null" />
			</datensatz>						
			<objektMenge name="FahrStreifen">
				<element pid="gr1.ms1.mq.ab1.fs" />
			</objektMenge>
		</konfigurationsObjekt>
		
		<konfigurationsObjekt pid="gr1.ms1.mq.ab1.fs" name="gr1.ms1.mq.ab1.fs" typ="typ.fahrStreifen">
			<info>
				<kurzinfo>info</kurzinfo>
			</info>
			<datensatz
				attributgruppe="atg.fahrStreifen">				
				<datum name="Typ" wert="SonstigerFahrStreifen" />
				<datum name="Lage" wert="HFS" />
				<datum name="FahrStreifenQuelle" wert="null" />
				<datum name="ErsatzFahrStreifen" wert="null" />
			</datensatz>						
		</konfigurationsObjekt>
		

		<konfigurationsObjekt pid="gr1.ms1.ab2" name="gr1.ms1.ab2" typ="typ.messQuerschnitt">
			<info>
				<kurzinfo>info</kurzinfo>
			</info>
			<datensatz
				attributgruppe="atg.messQuerschnittAllgemein">				
				<datum name="Typ" wert="Einfahrt" />
				<datum name="ErsatzMessQuerschnitt" wert="null" />
			</datensatz>						
			<objektMenge name="FahrStreifen">
				<element pid="gr1.ms1.mq.ab2.fs" />
			</objektMenge>
		</konfigurationsObjekt>
		
		<konfigurationsObjekt pid="gr1.ms1.mq.ab2.fs" name="gr1.ms1.mq.ab2.fs" typ="typ.fahrStreifen">
			<info>
				<kurzinfo>info</kurzinfo>
			</info>
			<datensatz
				attributgruppe="atg.fahrStreifen">				
				<datum name="Typ" wert="SonstigerFahrStreifen" />
				<datum name="Lage" wert="HFS" />
				<datum name="FahrStreifenQuelle" wert="null" />
				<datum name="ErsatzFahrStreifen" wert="null" />
			</datensatz>						
		</konfigurationsObjekt>
		
		
		<konfigurationsObjekt pid="gr1.ms2" name="gr1.ms2" typ="typ.messStelle">
			<info>
				<kurzinfo>info</kurzinfo>
			</info>
			<datensatz
				attributgruppe="atg.messStelle">				
				<datum name="Prüfling" wert="gr1.ms2.mq" />
			</datensatz>						
			<objektMenge name="Abfahrten">
				<element pid="gr1.ms2.ab1" />
			</objektMenge>
			<objektMenge name="Zufahrten">
				<element pid="gr1.ms2.zu1" />
			</objektMenge>			
		</konfigurationsObjekt>
		
		<konfigurationsObjekt pid="gr1.ms2.mq" name="gr1.ms2.mq" typ="typ.messQuerschnitt">
			<info>
				<kurzinfo>info</kurzinfo>
			</info>
			<datensatz
				attributgruppe="atg.messQuerschnittAllgemein">				
				<datum name="Typ" wert="HauptFahrbahn" />
				<datum name="ErsatzMessQuerschnitt" wert="null" />
			</datensatz>						
			<objektMenge name="FahrStreifen">
				<element pid="gr1.ms2.mq.fs1" />
				<element pid="gr1.ms2.mq.fs2" />
			</objektMenge>
		</konfigurationsObjekt>
		
		<konfigurationsObjekt pid="gr1.ms2.mq.fs1" name="gr1.ms2.mq.fs1" typ="typ.fahrStreifen">
			<info>
				<kurzinfo>info</kurzinfo>
			</info>
			<datensatz
				attributgruppe="atg.fahrStreifen">				
				<datum name="Typ" wert="HauptFahrStreifen" />
				<datum name="Lage" wert="HFS" />
				<datum name="FahrStreifenQuelle" wert="null" />
				<datum name="ErsatzFahrStreifen" wert="null" />
			</datensatz>						
		</konfigurationsObjekt>
		
		<konfigurationsObjekt pid="gr1.ms2.mq.fs2" name="gr1.ms2.mq.fs2" typ="typ.fahrStreifen">
			<info>
				<kurzinfo>info</kurzinfo>
			</info>
			<datensatz
				attributgruppe="atg.fahrStreifen">				
				<datum name="Typ" wert="ÜberholFahrStreifen" />
				<datum name="Lage" wert="1ÜFS" />
				<datum name="FahrStreifenQuelle" wert="null" />
				<datum name="ErsatzFahrStreifen" wert="null" />
			</datensatz>						
		</konfigurationsObjekt>

		<konfigurationsObjekt pid="gr1.ms2.zu1" name="gr1.ms2.zu1" typ="typ.messQuerschnitt">
			<info>
				<kurzinfo>info</kurzinfo>
			</info>
			<datensatz
				attributgruppe="atg.messQuerschnittAllgemein">				
				<datum name="Typ" wert="Einfahrt" />
				<datum name="ErsatzMessQuerschnitt" wert="null" />
			</datensatz>						
			<objektMenge name="FahrStreifen">
				<element pid="gr1.ms2.mq.zu1.fs" />
			</objektMenge>
		</konfigurationsObjekt>
		
		<konfigurationsObjekt pid="gr1.ms2.mq.zu1.fs" name="gr1.ms2.mq.zu1.fs" typ="typ.fahrStreifen">
			<info>
				<kurzinfo>info</kurzinfo>
			</info>
			<datensatz
				attributgruppe="atg.fahrStreifen">				
				<datum name="Typ" wert="SonstigerFahrStreifen" />
				<datum name="Lage" wert="HFS" />
				<datum name="FahrStreifenQuelle" wert="null" />
				<datum name="ErsatzFahrStreifen" wert="null" />
			</datensatz>						
		</konfigurationsObjekt>

		<konfigurationsObjekt pid="gr1.ms2.ab1" name="gr1.ms2.ab1" typ="typ.messQuerschnitt">
			<info>
				<kurzinfo>info</kurzinfo>
			</info>
			<datensatz
				attributgruppe="atg.messQuerschnittAllgemein">				
				<datum name="Typ" wert="Einfahrt" />
				<datum name="ErsatzMessQuerschnitt" wert="null" />
			</datensatz>						
			<objektMenge name="FahrStreifen">
				<element pid="gr1.ms2.mq.ab1.fs" />
			</objektMenge>
		</konfigurationsObjekt>
		
		<konfigurationsObjekt pid="gr1.ms2.mq.ab1.fs" name="gr1.ms2.mq.ab1.fs" typ="typ.fahrStreifen">
			<info>
				<kurzinfo>info</kurzinfo>
			</info>
			<datensatz
				attributgruppe="atg.fahrStreifen">				
				<datum name="Typ" wert="SonstigerFahrStreifen" />
				<datum name="Lage" wert="HFS" />
				<datum name="FahrStreifenQuelle" wert="null" />
				<datum name="ErsatzFahrStreifen" wert="null" />
			</datensatz>						
		</konfigurationsObjekt>


		<konfigurationsObjekt pid="gr1.ms3" name="gr1.ms3" typ="typ.messStelle">
			<info>
				<kurzinfo>info</kurzinfo>
			</info>
			<datensatz
				attributgruppe="atg.messStelle">				
				<datum name="Prüfling" wert="gr1.ms3.mq" />
			</datensatz>						
			<objektMenge name="Abfahrten">
			</objektMenge>
			<objektMenge name="Zufahrten">
			</objektMenge>			
		</konfigurationsObjekt>
		
		<konfigurationsObjekt pid="gr1.ms3.mq" name="gr1.ms3.mq" typ="typ.messQuerschnitt">
			<info>
				<kurzinfo>info</kurzinfo>
			</info>
			<datensatz
				attributgruppe="atg.messQuerschnittAllgemein">				
				<datum name="Typ" wert="HauptFahrbahn" />
				<datum name="ErsatzMessQuerschnitt" wert="null" />
			</datensatz>						
			<objektMenge name="FahrStreifen">
				<element pid="gr1.ms3.mq.fs1" />
			</objektMenge>
		</konfigurationsObjekt>
		
		<konfigurationsObjekt pid="gr1.ms3.mq.fs1" name="gr1.ms3.mq.fs1" typ="typ.fahrStreifen">
			<info>
				<kurzinfo>info</kurzinfo>
			</info>
			<datensatz
				attributgruppe="atg.fahrStreifen">				
				<datum name="Typ" wert="HauptFahrStreifen" />
				<datum name="Lage" wert="HFS" />
				<datum name="FahrStreifenQuelle" wert="null" />
				<datum name="ErsatzFahrStreifen" wert="null" />
			</datensatz>						
		</konfigurationsObjekt>
		
	
		<konfigurationsObjekt pid="gr1.ms4" name="gr1.ms4" typ="typ.messStelle">
			<info>
				<kurzinfo>info</kurzinfo>
			</info>
			<datensatz
				attributgruppe="atg.messStelle">				
				<datum name="Prüfling" wert="gr1.ms4.mq" />
			</datensatz>						
			<objektMenge name="Abfahrten">
			</objektMenge>
			<objektMenge name="Zufahrten">
			</objektMenge>			
		</konfigurationsObjekt>

		<konfigurationsObjekt pid="gr1.ms4.mq" name="gr1.ms4.mq" typ="typ.messQuerschnitt">
			<info>
				<kurzinfo>info</kurzinfo>
			</info>
			<datensatz
				attributgruppe="atg.messQuerschnittAllgemein">				
				<datum name="Typ" wert="HauptFahrbahn" />
				<datum name="ErsatzMessQuerschnitt" wert="null" />
			</datensatz>						
			<objektMenge name="FahrStreifen">
				<element pid="gr1.ms4.mq.fs1" />
			</objektMenge>
		</konfigurationsObjekt>
		
		<konfigurationsObjekt pid="gr1.ms4.mq.fs1" name="gr1.ms4.mq.fs1" typ="typ.fahrStreifen">
			<info>
				<kurzinfo>info</kurzinfo>
			</info>
			<datensatz
				attributgruppe="atg.fahrStreifen">				
				<datum name="Typ" wert="HauptFahrStreifen" />
				<datum name="Lage" wert="HFS" />
				<datum name="FahrStreifenQuelle" wert="null" />
				<datum name="ErsatzFahrStreifen" wert="null" />
			</datensatz>						
		</konfigurationsObjekt>
		
	</objekte>
</konfigurationsBereich>